<?xml version="1.0" encoding="UTF-8"?>
<project-private xmlns="http://www.netbeans.org/ns/project-private/1">
    <editor-bookmarks xmlns="http://www.netbeans.org/ns/editor-bookmarks/2" lastBookmarkId="0"/>
    <open-files xmlns="http://www.netbeans.org/ns/projectui-open-files/2">
        <group>
            <file>file:/M:/Documents/2emeAnnee/ProgWeb/J2E/Projet_final/web/index.jsp</file>
            <file>file:/M:/Documents/2emeAnnee/ProgWeb/J2E/Projet_final/web/WEB-INF/web.xml</file>
            <file>file:/M:/Documents/2emeAnnee/ProgWeb/J2E/Projet_final/src/java/controleur/Servlet_connexion.java</file>
        </group>
    </open-files>
</project-private>
